method,method_label,direction,seed,total_pairs,genuine_pairs,impostor_pairs,min_empirical_far_step,roc_points,reported_eer,nearest_eer,nearest_eer_threshold,interpolated_eer,eer_interpolation_status,reported_tar_far_1e_2,nearest_far_0.01,nearest_far_abs_error_0.01,tar_at_nearest_far_0.01,threshold_at_nearest_far_0.01,max_far_le_0.01,tar_at_max_far_le_0.01,threshold_at_max_far_le_0.01,reported_tar_far_1e_3,nearest_far_0.001,nearest_far_abs_error_0.001,tar_at_nearest_far_0.001,threshold_at_nearest_far_0.001,max_far_le_0.001,tar_at_max_far_le_0.001,threshold_at_max_far_le_0.001,verdict,notes,metrics_path,scores_path
B0,ResNet18 + CE,S1->S2,42,1440000,12000,1428000,7.002801120448179e-07,36956,0.06444677871216288,0.06444677871148459,0.2176842838525772,0.06444677871216288,brentq_interp1d,0.8259166666666666,0.01000280112044818,2.8011204481794005e-06,0.8259166666666666,0.3306339383125305,0.009980392156862744,0.8259166666666666,0.3307473659515381,0.6555833333333333,0.001,0.0,0.6555833333333333,0.4344854950904846,0.001,0.6556666666666666,0.4344848990440368,PASS,"scores.csv counts verified; metrics use sklearn roc_curve, brentq EER if available, and nearest empirical FPR for TAR@FAR.",experiments/b0_resnet18_ce_tongji_subject_disjoint_s1s2_seed42/metrics.json,experiments/b0_resnet18_ce_tongji_subject_disjoint_s1s2_seed42/scores.csv
B0,ResNet18 + CE,S1->S2,2026,1440000,12000,1428000,7.002801120448179e-07,35430,0.047749299718896965,0.04774929971988796,0.22157783806324,0.047749299718896965,brentq_interp1d,0.876,0.01,0.0,0.876,0.3083076477050781,0.01,0.8760833333333333,0.3083046674728393,0.713,0.001,0.0,0.713,0.4088539183139801,0.001,0.7130833333333333,0.4088488519191742,PASS,"scores.csv counts verified; metrics use sklearn roc_curve, brentq EER if available, and nearest empirical FPR for TAR@FAR.",experiments/b0_resnet18_ce_tongji_subject_disjoint_s1s2_seed2026/metrics.json,experiments/b0_resnet18_ce_tongji_subject_disjoint_s1s2_seed2026/scores.csv
B0,ResNet18 + CE,S1->S2,2705,1440000,12000,1428000,7.002801120448179e-07,35967,0.040333333333333256,0.04033333333333333,0.2235337197780609,0.040333333333333256,brentq_interp1d,0.9105833333333333,0.010013305322128851,1.3305322128851285e-05,0.9105833333333333,0.2910816669464111,0.009984593837535014,0.9105833333333333,0.2911911904811859,0.78725,0.001,0.0,0.78725,0.3863103687763214,0.001,0.7873333333333333,0.3863061964511871,PASS,"scores.csv counts verified; metrics use sklearn roc_curve, brentq EER if available, and nearest empirical FPR for TAR@FAR.",experiments/b0_resnet18_ce_tongji_subject_disjoint_s1s2_seed2705/metrics.json,experiments/b0_resnet18_ce_tongji_subject_disjoint_s1s2_seed2705/scores.csv
B0,ResNet18 + CE,S2->S1,42,1440000,12000,1428000,7.002801120448179e-07,35737,0.04991666666687611,0.04992436974789916,0.2120981067419052,0.04991666666687611,brentq_interp1d,0.8705,0.009995798319327731,4.201680672269101e-06,0.8705,0.2980144619941711,0.009995798319327731,0.8706666666666667,0.2980087697505951,0.7151666666666666,0.0010007002801120449,7.002801120448501e-07,0.7151666666666666,0.3940711617469787,0.0009985994397759103,0.7151666666666666,0.3941456079483032,PASS,"scores.csv counts verified; metrics use sklearn roc_curve, brentq EER if available, and nearest empirical FPR for TAR@FAR.",experiments/b0_resnet18_ce_tongji_subject_disjoint_s2s1_seed42/metrics.json,experiments/b0_resnet18_ce_tongji_subject_disjoint_s2s1_seed42/scores.csv
B0,ResNet18 + CE,S2->S1,2026,1440000,12000,1428000,7.002801120448179e-07,35748,0.042028711485227785,0.04202871148459384,0.2259885966777801,0.042028711485227785,brentq_interp1d,0.8811666666666667,0.010003501400560224,3.5014005602233833e-06,0.8811666666666667,0.3035475313663482,0.009975490196078431,0.8811666666666667,0.3036776185035705,0.71125,0.0009992997198879552,7.002801120448501e-07,0.71125,0.3991669714450836,0.0009992997198879552,0.7114166666666667,0.3990473747253418,PASS,"scores.csv counts verified; metrics use sklearn roc_curve, brentq EER if available, and nearest empirical FPR for TAR@FAR.",experiments/b0_resnet18_ce_tongji_subject_disjoint_s2s1_seed2026/metrics.json,experiments/b0_resnet18_ce_tongji_subject_disjoint_s2s1_seed2026/scores.csv
B0,ResNet18 + CE,S2->S1,2705,1440000,12000,1428000,7.002801120448179e-07,36280,0.04661344537934345,0.046613445378151264,0.2263344377279281,0.04661344537934345,brentq_interp1d,0.8678333333333333,0.009987394957983193,1.2605042016807302e-05,0.8678333333333333,0.3102103769779205,0.009987394957983193,0.8678333333333333,0.3102103769779205,0.70875,0.0009992997198879552,7.002801120448501e-07,0.70875,0.4100431501865387,0.0009992997198879552,0.7088333333333333,0.4100295901298523,PASS,"scores.csv counts verified; metrics use sklearn roc_curve, brentq EER if available, and nearest empirical FPR for TAR@FAR.",experiments/b0_resnet18_ce_tongji_subject_disjoint_s2s1_seed2705/metrics.json,experiments/b0_resnet18_ce_tongji_subject_disjoint_s2s1_seed2705/scores.csv
B1,ResNet18 + CE + SupCon,S1->S2,42,1440000,12000,1428000,7.002801120448179e-07,37854,0.05674999999999821,0.05676120448179272,0.3074179589748382,0.05674999999999821,brentq_interp1d,0.8174166666666667,0.009988095238095239,1.1904761904761585e-05,0.8174166666666667,0.4362087547779083,0.009988095238095239,0.8175,0.4362082183361053,0.5986666666666667,0.001,0.0,0.5986666666666667,0.5512485504150391,0.001,0.5988333333333333,0.5512232184410095,PASS,"scores.csv counts verified; metrics use sklearn roc_curve, brentq EER if available, and nearest empirical FPR for TAR@FAR.",experiments/b1_resnet18_ce_supcon_tongji_subject_disjoint_s1s2_seed42/metrics.json,experiments/b1_resnet18_ce_supcon_tongji_subject_disjoint_s1s2_seed42/scores.csv
B1,ResNet18 + CE + SupCon,S1->S2,2026,1440000,12000,1428000,7.002801120448179e-07,35522,0.03911064425774779,0.03911064425770308,0.2642596364021301,0.03911064425774779,brentq_interp1d,0.8810833333333333,0.009995798319327731,4.201680672269101e-06,0.8810833333333333,0.3501317203044891,0.009995798319327731,0.8811666666666667,0.3501259386539459,0.6809166666666666,0.001,0.0,0.6809166666666666,0.4658560454845428,0.001,0.681,0.4658132493495941,PASS,"scores.csv counts verified; metrics use sklearn roc_curve, brentq EER if available, and nearest empirical FPR for TAR@FAR.",experiments/b1_resnet18_ce_supcon_tongji_subject_disjoint_s1s2_seed2026/metrics.json,experiments/b1_resnet18_ce_supcon_tongji_subject_disjoint_s1s2_seed2026/scores.csv
B1,ResNet18 + CE + SupCon,S1->S2,2705,1440000,12000,1428000,7.002801120448179e-07,34154,0.03900910364148082,0.039009103641456586,0.2522293627262115,0.03900910364148082,brentq_interp1d,0.9026666666666666,0.01,0.0,0.9026666666666666,0.3335705399513244,0.01,0.90275,0.3335625231266022,0.7560833333333333,0.001,0.0,0.7560833333333333,0.4436342418193817,0.001,0.75625,0.4436135292053222,PASS,"scores.csv counts verified; metrics use sklearn roc_curve, brentq EER if available, and nearest empirical FPR for TAR@FAR.",experiments/b1_resnet18_ce_supcon_tongji_subject_disjoint_s1s2_seed2705/metrics.json,experiments/b1_resnet18_ce_supcon_tongji_subject_disjoint_s1s2_seed2705/scores.csv
B1,ResNet18 + CE + SupCon,S2->S1,42,1440000,12000,1428000,7.002801120448179e-07,34404,0.0382731092447879,0.03827310924369748,0.2562992870807647,0.0382731092447879,brentq_interp1d,0.91025,0.009990896358543418,9.103641456582184e-06,0.91025,0.332680195569992,0.009990896358543418,0.9104166666666667,0.3326766490936279,0.7619166666666667,0.0009992997198879552,7.002801120448501e-07,0.7619166666666667,0.4318840205669403,0.0009992997198879552,0.762,0.4318529069423675,PASS,"scores.csv counts verified; metrics use sklearn roc_curve, brentq EER if available, and nearest empirical FPR for TAR@FAR.",experiments/b1_resnet18_ce_supcon_tongji_subject_disjoint_s2s1_seed42/metrics.json,experiments/b1_resnet18_ce_supcon_tongji_subject_disjoint_s2s1_seed42/scores.csv
B1,ResNet18 + CE + SupCon,S2->S1,2026,1440000,12000,1428000,7.002801120448179e-07,35202,0.04324999999999815,0.043252100840336136,0.2538644075393677,0.04324999999999815,brentq_interp1d,0.88725,0.010010504201680672,1.0504201680671885e-05,0.88725,0.3433466255664825,0.009978991596638655,0.88725,0.3434627950191498,0.7028333333333333,0.0010007002801120449,7.002801120448501e-07,0.7028333333333333,0.4569886922836303,0.000996498599439776,0.7028333333333333,0.4570596814155578,PASS,"scores.csv counts verified; metrics use sklearn roc_curve, brentq EER if available, and nearest empirical FPR for TAR@FAR.",experiments/b1_resnet18_ce_supcon_tongji_subject_disjoint_s2s1_seed2026/metrics.json,experiments/b1_resnet18_ce_supcon_tongji_subject_disjoint_s2s1_seed2026/scores.csv
B1,ResNet18 + CE + SupCon,S2->S1,2705,1440000,12000,1428000,7.002801120448179e-07,34134,0.0388984593834199,0.038898459383753504,0.2304130047559738,0.0388984593834199,brentq_interp1d,0.91875,0.01000140056022409,1.4005602240897003e-06,0.91875,0.3019311428070068,0.009986694677871149,0.91875,0.3019948005676269,0.8053333333333333,0.0010014005602240897,1.4005602240897003e-06,0.8053333333333333,0.40550097823143,0.0009978991596638655,0.8053333333333333,0.4056186079978943,PASS,"scores.csv counts verified; metrics use sklearn roc_curve, brentq EER if available, and nearest empirical FPR for TAR@FAR.",experiments/b1_resnet18_ce_supcon_tongji_subject_disjoint_s2s1_seed2705/metrics.json,experiments/b1_resnet18_ce_supcon_tongji_subject_disjoint_s2s1_seed2705/scores.csv
B4,ResNet18 + ArcFace,S1->S2,42,1440000,12000,1428000,7.002801120448179e-07,36375,0.05374999999999997,0.053679271708683474,0.2119275629520416,0.05374999999999997,brentq_interp1d,0.8621666666666666,0.009994397759103641,5.602240896358801e-06,0.8621666666666666,0.3058592081069946,0.009994397759103641,0.86225,0.3058573603630066,0.6876666666666666,0.001,0.0,0.6876666666666666,0.4069909453392029,0.001,0.68775,0.4069896042346954,PASS,"scores.csv counts verified; metrics use sklearn roc_curve, brentq EER if available, and nearest empirical FPR for TAR@FAR.",experiments/b4_resnet18_arcface_tongji_subject_disjoint_s1s2_seed42/metrics.json,experiments/b4_resnet18_arcface_tongji_subject_disjoint_s1s2_seed42/scores.csv
B4,ResNet18 + ArcFace,S1->S2,2026,1440000,12000,1428000,7.002801120448179e-07,36672,0.053706582633131016,0.053706582633053224,0.2083799690008163,0.053706582633131016,brentq_interp1d,0.8601666666666666,0.01000420168067227,4.201680672269101e-06,0.8601666666666666,0.3001545965671539,0.009981792717086834,0.8601666666666666,0.3003032505512237,0.7109166666666666,0.0010007002801120449,7.002801120448501e-07,0.7109166666666666,0.3953134417533874,0.0009950980392156863,0.7109166666666666,0.3953928649425506,PASS,"scores.csv counts verified; metrics use sklearn roc_curve, brentq EER if available, and nearest empirical FPR for TAR@FAR.",experiments/b4_resnet18_arcface_tongji_subject_disjoint_s1s2_seed2026/metrics.json,experiments/b4_resnet18_arcface_tongji_subject_disjoint_s1s2_seed2026/scores.csv
B4,ResNet18 + ArcFace,S1->S2,2705,1440000,12000,1428000,7.002801120448179e-07,36172,0.04050000000015942,0.04047478991596638,0.205211192369461,0.04050000000015942,brentq_interp1d,0.9065,0.010002100840336134,2.100840336133683e-06,0.9065,0.2728309035301208,0.009981792717086834,0.9065,0.2729252278804779,0.7685,0.001,0.0,0.7685,0.3664580285549164,0.001,0.76875,0.366405725479126,PASS,"scores.csv counts verified; metrics use sklearn roc_curve, brentq EER if available, and nearest empirical FPR for TAR@FAR.",experiments/b4_resnet18_arcface_tongji_subject_disjoint_s1s2_seed2705/metrics.json,experiments/b4_resnet18_arcface_tongji_subject_disjoint_s1s2_seed2705/scores.csv
B4,ResNet18 + ArcFace,S2->S1,42,1440000,12000,1428000,7.002801120448179e-07,36737,0.04633263305263878,0.04633263305322129,0.2242812812328338,0.04633263305263878,brentq_interp1d,0.87875,0.009993697478991597,6.302521008402784e-06,0.87875,0.3046647906303406,0.009993697478991597,0.8788333333333334,0.3046535551548004,0.7028333333333333,0.0009985994397759103,1.4005602240897003e-06,0.7028333333333333,0.39809250831604,0.0009985994397759103,0.7029166666666666,0.3980675935745239,PASS,"scores.csv counts verified; metrics use sklearn roc_curve, brentq EER if available, and nearest empirical FPR for TAR@FAR.",experiments/b4_resnet18_arcface_tongji_subject_disjoint_s2s1_seed42/metrics.json,experiments/b4_resnet18_arcface_tongji_subject_disjoint_s2s1_seed42/scores.csv
B4,ResNet18 + ArcFace,S2->S1,2026,1440000,12000,1428000,7.002801120448179e-07,38997,0.05637394958135694,0.05637394957983193,0.214011088013649,0.05637394958135694,brentq_interp1d,0.8546666666666667,0.009990196078431372,9.803921568627902e-06,0.8546666666666667,0.3055408298969269,0.009990196078431372,0.85475,0.3055386245250702,0.6928333333333333,0.0010028011204481792,2.8011204481791837e-06,0.6928333333333333,0.4048617780208587,0.0009971988795518206,0.6928333333333333,0.4049965441226959,PASS,"scores.csv counts verified; metrics use sklearn roc_curve, brentq EER if available, and nearest empirical FPR for TAR@FAR.",experiments/b4_resnet18_arcface_tongji_subject_disjoint_s2s1_seed2026/metrics.json,experiments/b4_resnet18_arcface_tongji_subject_disjoint_s2s1_seed2026/scores.csv
B4,ResNet18 + ArcFace,S2->S1,2705,1440000,12000,1428000,7.002801120448179e-07,37859,0.052500000000001934,0.052462885154061625,0.2205321341753006,0.052500000000001934,brentq_interp1d,0.8580833333333333,0.01000280112044818,2.8011204481794005e-06,0.8580833333333333,0.3093922138214111,0.009992997198879552,0.8580833333333333,0.309440016746521,0.6848333333333333,0.0010007002801120449,7.002801120448501e-07,0.6848333333333333,0.4106463491916656,0.0009971988795518206,0.6848333333333333,0.4106654822826385,PASS,"scores.csv counts verified; metrics use sklearn roc_curve, brentq EER if available, and nearest empirical FPR for TAR@FAR.",experiments/b4_resnet18_arcface_tongji_subject_disjoint_s2s1_seed2705/metrics.json,experiments/b4_resnet18_arcface_tongji_subject_disjoint_s2s1_seed2705/scores.csv
B5,ResNet18 + BNNeck + CE,S1->S2,42,1440000,12000,1428000,7.002801120448179e-07,34939,0.051313725488889156,0.051313725490196076,0.2075732946395874,0.051313725488889156,brentq_interp1d,0.868,0.01,0.0,0.868,0.3012093603610992,0.01,0.8680833333333333,0.3012093305587768,0.7156666666666667,0.0009992997198879552,7.002801120448501e-07,0.7156666666666667,0.4066362977027893,0.0009992997198879552,0.71575,0.4066219627857208,PASS,"scores.csv counts verified; metrics use sklearn roc_curve, brentq EER if available, and nearest empirical FPR for TAR@FAR.",experiments/b5_resnet18_bnneck_ce_tongji_subject_disjoint_s1s2_seed42/metrics.json,experiments/b5_resnet18_bnneck_ce_tongji_subject_disjoint_s1s2_seed42/scores.csv
B5,ResNet18 + BNNeck + CE,S1->S2,2026,1440000,12000,1428000,7.002801120448179e-07,33902,0.04302240896496534,0.04302240896358543,0.2190420627593994,0.04302240896496534,brentq_interp1d,0.8923333333333333,0.009997899159663865,2.1008403361354178e-06,0.8923333333333333,0.2980141937732696,0.009997899159663865,0.8924166666666666,0.2980124354362488,0.7418333333333333,0.0010021008403361344,2.1008403361343336e-06,0.7418333333333333,0.3980564475059509,0.0009978991596638655,0.7418333333333333,0.3981024622917175,PASS,"scores.csv counts verified; metrics use sklearn roc_curve, brentq EER if available, and nearest empirical FPR for TAR@FAR.",experiments/b5_resnet18_bnneck_ce_tongji_subject_disjoint_s1s2_seed2026/metrics.json,experiments/b5_resnet18_bnneck_ce_tongji_subject_disjoint_s1s2_seed2026/scores.csv
B5,ResNet18 + BNNeck + CE,S1->S2,2705,1440000,12000,1428000,7.002801120448179e-07,33328,0.03900000000000011,0.03899229691876751,0.2081074118614196,0.03900000000000011,brentq_interp1d,0.9131666666666667,0.009988795518207283,1.1204481792717602e-05,0.9131666666666667,0.2770788073539734,0.009988795518207283,0.91325,0.2770754694938659,0.7930833333333334,0.001,0.0,0.7930833333333334,0.3741862177848816,0.001,0.7931666666666667,0.3741798996925354,PASS,"scores.csv counts verified; metrics use sklearn roc_curve, brentq EER if available, and nearest empirical FPR for TAR@FAR.",experiments/b5_resnet18_bnneck_ce_tongji_subject_disjoint_s1s2_seed2705/metrics.json,experiments/b5_resnet18_bnneck_ce_tongji_subject_disjoint_s1s2_seed2705/scores.csv
B5,ResNet18 + BNNeck + CE,S2->S1,42,1440000,12000,1428000,7.002801120448179e-07,34073,0.045500000000000006,0.04543417366946779,0.2075758278369903,0.045500000000000006,brentq_interp1d,0.8904166666666666,0.010004901960784313,4.9019607843130836e-06,0.8904166666666666,0.2877329587936401,0.009989495798319328,0.8904166666666666,0.2878090739250183,0.7535833333333334,0.001,0.0,0.7535833333333334,0.384175956249237,0.001,0.7536666666666667,0.3841686844825744,PASS,"scores.csv counts verified; metrics use sklearn roc_curve, brentq EER if available, and nearest empirical FPR for TAR@FAR.",experiments/b5_resnet18_bnneck_ce_tongji_subject_disjoint_s2s1_seed42/metrics.json,experiments/b5_resnet18_bnneck_ce_tongji_subject_disjoint_s2s1_seed42/scores.csv
B5,ResNet18 + BNNeck + CE,S2->S1,2026,1440000,12000,1428000,7.002801120448179e-07,36056,0.05290826330530413,0.052908263305322126,0.2257861942052841,0.05290826330530413,brentq_interp1d,0.8481666666666666,0.00999859943977591,1.4005602240897003e-06,0.8481666666666666,0.3272433280944824,0.00999859943977591,0.84825,0.3272432684898376,0.6714166666666667,0.001,0.0,0.6714166666666667,0.4334200024604797,0.001,0.6715,0.4334110617637634,PASS,"scores.csv counts verified; metrics use sklearn roc_curve, brentq EER if available, and nearest empirical FPR for TAR@FAR.",experiments/b5_resnet18_bnneck_ce_tongji_subject_disjoint_s2s1_seed2026/metrics.json,experiments/b5_resnet18_bnneck_ce_tongji_subject_disjoint_s2s1_seed2026/scores.csv
B5,ResNet18 + BNNeck + CE,S2->S1,2705,1440000,12000,1428000,7.002801120448179e-07,35767,0.051749999999999824,0.051782913165266106,0.2156504988670349,0.051749999999999824,brentq_interp1d,0.8561666666666666,0.010007002801120449,7.002801120448501e-06,0.8561666666666666,0.3090954124927521,0.009974089635854342,0.8561666666666666,0.3092922568321228,0.6830833333333334,0.001,0.0,0.6830833333333334,0.4172189235687256,0.001,0.6831666666666667,0.4172068536281585,PASS,"scores.csv counts verified; metrics use sklearn roc_curve, brentq EER if available, and nearest empirical FPR for TAR@FAR.",experiments/b5_resnet18_bnneck_ce_tongji_subject_disjoint_s2s1_seed2705/metrics.json,experiments/b5_resnet18_bnneck_ce_tongji_subject_disjoint_s2s1_seed2705/scores.csv
B6,ResNet18 + BNNeck + ArcFace,S1->S2,42,1440000,12000,1428000,7.002801120448179e-07,36196,0.05725000000000012,0.05725,0.2157407104969024,0.05725000000000012,brentq_interp1d,0.8465833333333334,0.010011204481792718,1.1204481792717602e-05,0.8465833333333334,0.3178770244121551,0.009986694677871149,0.8465833333333334,0.3179987072944641,0.6585833333333333,0.001,0.0,0.6585833333333333,0.4218847453594208,0.001,0.6588333333333334,0.4218512773513794,PASS,"scores.csv counts verified; metrics use sklearn roc_curve, brentq EER if available, and nearest empirical FPR for TAR@FAR.",experiments/b6_resnet18_bnneck_arcface_tongji_subject_disjoint_s1s2_seed42/metrics.json,experiments/b6_resnet18_bnneck_arcface_tongji_subject_disjoint_s1s2_seed42/scores.csv
B6,ResNet18 + BNNeck + ArcFace,S1->S2,2026,1440000,12000,1428000,7.002801120448179e-07,34348,0.04917717086902308,0.04917717086834734,0.1898491829633712,0.04917717086902308,brentq_interp1d,0.8846666666666667,0.009992296918767508,7.703081232492484e-06,0.8846666666666667,0.269488662481308,0.009992296918767508,0.88475,0.2694881856441498,0.7429166666666667,0.001,0.0,0.7429166666666667,0.3666330277919769,0.001,0.7431666666666666,0.3665907680988312,PASS,"scores.csv counts verified; metrics use sklearn roc_curve, brentq EER if available, and nearest empirical FPR for TAR@FAR.",experiments/b6_resnet18_bnneck_arcface_tongji_subject_disjoint_s1s2_seed2026/metrics.json,experiments/b6_resnet18_bnneck_arcface_tongji_subject_disjoint_s1s2_seed2026/scores.csv
B6,ResNet18 + BNNeck + ArcFace,S1->S2,2705,1440000,12000,1428000,7.002801120448179e-07,37207,0.05400000000032687,0.05402450980392157,0.2249318808317184,0.05400000000032687,brentq_interp1d,0.8524166666666667,0.00999719887955182,2.8011204481794005e-06,0.8524166666666667,0.3215201199054718,0.00999719887955182,0.8525,0.3215122520923614,0.67,0.0010014005602240897,1.4005602240897003e-06,0.67,0.4258424341678619,0.0009978991596638655,0.67,0.4259303510189056,PASS,"scores.csv counts verified; metrics use sklearn roc_curve, brentq EER if available, and nearest empirical FPR for TAR@FAR.",experiments/b6_resnet18_bnneck_arcface_tongji_subject_disjoint_s1s2_seed2705/metrics.json,experiments/b6_resnet18_bnneck_arcface_tongji_subject_disjoint_s1s2_seed2705/scores.csv
B6,ResNet18 + BNNeck + ArcFace,S2->S1,42,1440000,12000,1428000,7.002801120448179e-07,36416,0.05624999999999996,0.05626260504201681,0.2055041342973709,0.05624999999999996,brentq_interp1d,0.8403333333333334,0.00999859943977591,1.4005602240897003e-06,0.8403333333333334,0.3003450632095337,0.00999859943977591,0.8404166666666667,0.3003423810005188,0.6795,0.001,0.0,0.6795,0.3950197696685791,0.001,0.6796666666666666,0.3949648737907409,PASS,"scores.csv counts verified; metrics use sklearn roc_curve, brentq EER if available, and nearest empirical FPR for TAR@FAR.",experiments/b6_resnet18_bnneck_arcface_tongji_subject_disjoint_s2s1_seed42/metrics.json,experiments/b6_resnet18_bnneck_arcface_tongji_subject_disjoint_s2s1_seed42/scores.csv
B6,ResNet18 + BNNeck + ArcFace,S2->S1,2026,1440000,12000,1428000,7.002801120448179e-07,34428,0.045416666666667695,0.04536624649859944,0.2001036256551742,0.045416666666667695,brentq_interp1d,0.89225,0.00999859943977591,1.4005602240897003e-06,0.89225,0.2764503359794616,0.00999859943977591,0.8923333333333333,0.2764497697353363,0.758,0.0010014005602240897,1.4005602240897003e-06,0.758,0.3702038526535034,0.000996498599439776,0.758,0.370294839143753,PASS,"scores.csv counts verified; metrics use sklearn roc_curve, brentq EER if available, and nearest empirical FPR for TAR@FAR.",experiments/b6_resnet18_bnneck_arcface_tongji_subject_disjoint_s2s1_seed2026/metrics.json,experiments/b6_resnet18_bnneck_arcface_tongji_subject_disjoint_s2s1_seed2026/scores.csv
B6,ResNet18 + BNNeck + ArcFace,S2->S1,2705,1440000,12000,1428000,7.002801120448179e-07,36257,0.05408333333333255,0.05416316526610644,0.2054360210895538,0.05408333333333255,brentq_interp1d,0.85775,0.009996498599439775,3.501400560225118e-06,0.85775,0.2972658574581146,0.009996498599439775,0.8578333333333333,0.2972637116909027,0.6726666666666666,0.0009985994397759103,1.4005602240897003e-06,0.6726666666666666,0.4015226364135742,0.0009985994397759103,0.67275,0.4015155136585235,PASS,"scores.csv counts verified; metrics use sklearn roc_curve, brentq EER if available, and nearest empirical FPR for TAR@FAR.",experiments/b6_resnet18_bnneck_arcface_tongji_subject_disjoint_s2s1_seed2705/metrics.json,experiments/b6_resnet18_bnneck_arcface_tongji_subject_disjoint_s2s1_seed2705/scores.csv
B7,ResNet18 + BNNeck + ArcFace + light SupCon,S1->S2,42,1440000,12000,1428000,7.002801120448179e-07,36032,0.05158333333333272,0.051583333333333335,0.2212364375591278,0.05158333333333272,brentq_interp1d,0.8518333333333333,0.010008403361344538,8.403361344538202e-06,0.8518333333333333,0.3148917257785797,0.009988795518207283,0.8518333333333333,0.3149837255477905,0.6775,0.0009992997198879552,7.002801120448501e-07,0.6775,0.4201521575450897,0.0009992997198879552,0.6778333333333333,0.4200862944126129,PASS,"scores.csv counts verified; metrics use sklearn roc_curve, brentq EER if available, and nearest empirical FPR for TAR@FAR.",experiments/b7_resnet18_bnneck_arcface_light_supcon_tongji_subject_disjoint_s1s2_seed42/metrics.json,experiments/b7_resnet18_bnneck_arcface_light_supcon_tongji_subject_disjoint_s1s2_seed42/scores.csv
B7,ResNet18 + BNNeck + ArcFace + light SupCon,S1->S2,2026,1440000,12000,1428000,7.002801120448179e-07,34245,0.047249999999988634,0.04727731092436975,0.1990804374217987,0.047249999999988634,brentq_interp1d,0.8861666666666667,0.010008403361344538,8.403361344538202e-06,0.8861666666666667,0.2792447507381439,0.009972689075630252,0.8861666666666667,0.2794004082679748,0.7579166666666667,0.0010007002801120449,7.002801120448501e-07,0.7579166666666667,0.3723478019237518,0.0009985994397759103,0.7579166666666667,0.3724139630794525,PASS,"scores.csv counts verified; metrics use sklearn roc_curve, brentq EER if available, and nearest empirical FPR for TAR@FAR.",experiments/b7_resnet18_bnneck_arcface_light_supcon_tongji_subject_disjoint_s1s2_seed2026/metrics.json,experiments/b7_resnet18_bnneck_arcface_light_supcon_tongji_subject_disjoint_s1s2_seed2026/scores.csv
B7,ResNet18 + BNNeck + ArcFace + light SupCon,S1->S2,2705,1440000,12000,1428000,7.002801120448179e-07,37918,0.061000000000000075,0.06096358543417367,0.2307956218719482,0.061000000000000075,brentq_interp1d,0.82025,0.01000140056022409,1.4005602240897003e-06,0.82025,0.3430658876895904,0.009993697478991597,0.82025,0.3430901169776916,0.6089166666666667,0.0010007002801120449,7.002801120448501e-07,0.6089166666666667,0.4530604183673858,0.0009985994397759103,0.6089166666666667,0.4530939757823944,PASS,"scores.csv counts verified; metrics use sklearn roc_curve, brentq EER if available, and nearest empirical FPR for TAR@FAR.",experiments/b7_resnet18_bnneck_arcface_light_supcon_tongji_subject_disjoint_s1s2_seed2705/metrics.json,experiments/b7_resnet18_bnneck_arcface_light_supcon_tongji_subject_disjoint_s1s2_seed2705/scores.csv
B7,ResNet18 + BNNeck + ArcFace + light SupCon,S2->S1,42,1440000,12000,1428000,7.002801120448179e-07,35051,0.04566946778806505,0.045669467787114844,0.2013645470142364,0.04566946778806505,brentq_interp1d,0.8819166666666667,0.009995798319327731,4.201680672269101e-06,0.8819166666666667,0.2805023193359375,0.009995798319327731,0.882,0.2805001139640808,0.7206666666666667,0.0009992997198879552,7.002801120448501e-07,0.7206666666666667,0.3775036931037903,0.0009992997198879552,0.72075,0.3774977028369903,PASS,"scores.csv counts verified; metrics use sklearn roc_curve, brentq EER if available, and nearest empirical FPR for TAR@FAR.",experiments/b7_resnet18_bnneck_arcface_light_supcon_tongji_subject_disjoint_s2s1_seed42/metrics.json,experiments/b7_resnet18_bnneck_arcface_light_supcon_tongji_subject_disjoint_s2s1_seed42/scores.csv
B7,ResNet18 + BNNeck + ArcFace + light SupCon,S2->S1,2026,1440000,12000,1428000,7.002801120448179e-07,33636,0.0393683473392071,0.03936834733893557,0.1992129534482956,0.0393683473392071,brentq_interp1d,0.91175,0.009997899159663865,2.1008403361354178e-06,0.91175,0.2631633579730987,0.009997899159663865,0.9118333333333334,0.2631582021713257,0.7954166666666667,0.0009978991596638655,2.1008403361345504e-06,0.7954166666666667,0.3547038435935974,0.0009978991596638655,0.7955,0.354702740907669,PASS,"scores.csv counts verified; metrics use sklearn roc_curve, brentq EER if available, and nearest empirical FPR for TAR@FAR.",experiments/b7_resnet18_bnneck_arcface_light_supcon_tongji_subject_disjoint_s2s1_seed2026/metrics.json,experiments/b7_resnet18_bnneck_arcface_light_supcon_tongji_subject_disjoint_s2s1_seed2026/scores.csv
B7,ResNet18 + BNNeck + ArcFace + light SupCon,S2->S1,2705,1440000,12000,1428000,7.002801120448179e-07,36297,0.04741666666666663,0.04742577030812325,0.2152960300445556,0.04741666666666663,brentq_interp1d,0.87025,0.009995798319327731,4.201680672269101e-06,0.87025,0.2956251800060272,0.009995798319327731,0.8703333333333333,0.2956186830997467,0.7036666666666667,0.0010007002801120449,7.002801120448501e-07,0.7036666666666667,0.3951306641101837,0.0009985994397759103,0.7036666666666667,0.3951799571514129,PASS,"scores.csv counts verified; metrics use sklearn roc_curve, brentq EER if available, and nearest empirical FPR for TAR@FAR.",experiments/b7_resnet18_bnneck_arcface_light_supcon_tongji_subject_disjoint_s2s1_seed2705/metrics.json,experiments/b7_resnet18_bnneck_arcface_light_supcon_tongji_subject_disjoint_s2s1_seed2705/scores.csv
